Order ID,Email,Amount,Placed On,Items
1001,ada@example.com,$29.99,2026-09-01,widget x2; gadget x1
1002,qa-bot@internal.test,$0.00,2026-09-01,test-sku x1
1003,grace@example.com,"$1,299.00",2026-09-02,laptop x1
1004,not-an-email,$12.50,2026-09-02,cable x3
1005,linus@example.com,$4.00,2026-09-03,sticker x4
1003,grace@example.com,"$1,299.00",2026-09-03,laptop x1
1006,margaret@example.com,$130.00,2026-09-04,monitor x2; cable x2
1007,qa-runner@internal.test,$5.00,2026-09-04,test-sku x1
1008,katherine@example.com,n/a,2026-09-05,keyboard x1; mouse x1
1009,barbara@example.com,$9.99,2026-09-05,"sticker x1;
gift wrap x1"
